# JLPT N5 deck, in teaching order (the Garden introduces it after the starter phrases). Tab-separated:
# jp, kana, English, pitch accent (downstep; 0 = flat), example, example reading, example English, [voice says], [example voice says]
# Readings checked against JMdict (EDRDG, CC BY-SA 4.0). Meanings, accents and example sentences written for this app.
私	わたし	I / me	0	私は学生です。	わたしはがくせいです。	I am a student.
あなた	あなた	you	2	これはあなたのかさですか。	これはあなたのかさですか。	Is this your umbrella?
人	ひと	person	0	あの人は先生です。	あのひとはせんせいです。	That person is a teacher.
男	おとこ	man / male	3	あの男はとてもつよいです。	あのおとこはとてもつよいです。	That man is very strong.
女	おんな	woman / female	3	女の人がきました。	おんなのひとがきました。	A woman came.
子供	こども	child	0	子供がこうえんであそびます。	こどもがこうえんであそびます。	Children play in the park.
男の子	おとこのこ	boy	3	男の子がはしっています。	おとこのこがはしっています。	A boy is running.
女の子	おんなのこ	girl	3	女の子がうたっています。	おんなのこがうたっています。	A girl is singing.
友達	ともだち	friend	0	友達とえいがを見ます。	ともだちとえいがをみます。	I watch a movie with a friend.
先生	せんせい	teacher / master	3	先生はとてもきびしいです。	せんせいはとてもきびしいです。	My master is very strict.
学生	がくせい	student	0	兄は大学の学生です。	あにはだいがくのがくせいです。	My older brother is a university student.
名前	なまえ	name	0	お名前は何ですか。	おなまえはなんですか。	What is your name?		お名前はなんですか。
これ	これ	this (one)	0	これは私の本です。	これはわたしのほんです。	This is my book.
それ	それ	that (one, near you)	0	それはなんですか。	それはなんですか。	What is that?
あれ	あれ	that (one, over there)	0	あれはふじさんです。	あれはふじさんです。	That over there is Mt. Fuji.
どれ	どれ	which (one)	1	どれがいいですか。	どれがいいですか。	Which one is good?
ここ	ここ	here	0	ここはわたしのへやです。	ここはわたしのへやです。	This is my room.
そこ	そこ	there (near you)	0	そこにすわってください。	そこにすわってください。	Please sit there.
あそこ	あそこ	over there	0	あそこに駅があります。	あそこにえきがあります。	There is a station over there.
どこ	どこ	where	1	トイレはどこですか。	トイレはどこですか。	Where is the toilet?
この	この	this (+ noun)	0	このりんごはあまいです。	このりんごはあまいです。	This apple is sweet.
その	その	that (+ noun, near you)	0	そのかばんはいくらですか。	そのかばんはいくらですか。	How much is that bag?
あの	あの	that (+ noun, over there)	0	あのたてものは学校です。	あのたてものはがっこうです。	That building is a school.
どの	どの	which (+ noun)	1	どのバスにのりますか。	どのバスにのりますか。	Which bus will you take?
何	なに	what	1	何を食べますか。	なにをたべますか。	What will you eat?
誰	だれ	who	1	あの人は誰ですか。	あのひとはだれですか。	Who is that person?
いつ	いつ	when	1	いつ日本へ行きますか。	いつにほんへいきますか。	When will you go to Japan?		いつにほんへ行きますか。
どう	どう	how	1	しけんはどうでしたか。	しけんはどうでしたか。	How was the exam?
どうして	どうして	why	1	どうしておくれましたか。	どうしておくれましたか。	Why were you late?
いくら	いくら	how much (price)	1	この本はいくらですか。	このほんはいくらですか。	How much is this book?
いくつ	いくつ	how many / how old	1	りんごはいくつありますか。	りんごはいくつありますか。	How many apples are there?
はい	はい	yes	1	はい、そうです。	はい、そうです。	Yes, that's right.
いいえ	いいえ	no	3	いいえ、ちがいます。	いいえ、ちがいます。	No, that's not right.
ええ	ええ	yeah / yes	1	ええ、いいですよ。	ええ、いいですよ。	Yeah, sure.
家族	かぞく	family	1	家族は四人です。	かぞくはよにんです。	There are four people in my family.
父	ちち	(my) father	1	父はいしゃです。	ちちはいしゃです。	My father is a doctor.
母	はは	(my) mother	1	母はりょうりがじょうずです。	はははりょうりがじょうずです。	My mother is good at cooking.
お父さん	おとうさん	father (polite)	2	お父さんはおげんきですか。	おとうさんはおげんきですか。	Is your father well?
お母さん	おかあさん	mother (polite)	2	お母さん、ただいま！	おかあさん、ただいま！	Mom, I'm home!
兄	あに	(my) older brother	1	兄はけんどうがつよいです。	あにはけんどうがつよいです。	My older brother is good at kendo.
姉	あね	(my) older sister	0	姉はぎんこうではたらいています。	あねはぎんこうではたらいています。	My older sister works at a bank.
弟	おとうと	(my) younger brother	4	弟はまだ小さいです。	おとうとはまだちいさいです。	My younger brother is still little.
妹	いもうと	(my) younger sister	4	妹はねこがすきです。	いもうとはねこがすきです。	My younger sister likes cats.
お兄さん	おにいさん	older brother (polite)	2	お兄さんはなんさいですか。	おにいさんはなんさいですか。	How old is your older brother?
お姉さん	おねえさん	older sister (polite)	2	お姉さんはやさしいですね。	おねえさんはやさしいですね。	Your older sister is kind, isn't she?
兄弟	きょうだい	siblings	1	兄弟がいますか。	きょうだいがいますか。	Do you have any siblings?
両親	りょうしん	parents	1	両親はいなかにすんでいます。	りょうしんはいなかにすんでいます。	My parents live in the countryside.
おじいさん	おじいさん	grandfather / old man	2	おじいさんは毎朝さんぽします。	おじいさんはまいあささんぽします。	Grandpa takes a walk every morning.
おばあさん	おばあさん	grandmother / old woman	2	おばあさんのいえへ行きます。	おばあさんのいえへいきます。	I'm going to grandma's house.
おじさん	おじさん	uncle / middle-aged man	0	おじさんにおかしをもらいました。	おじさんにおかしをもらいました。	I got sweets from my uncle.
おばさん	おばさん	aunt / middle-aged woman	0	おばさんはとうきょうにすんでいます。	おばさんはとうきょうにすんでいます。	My aunt lives in Tokyo.
大人	おとな	adult	0	大人はいくらですか。	おとなはいくらですか。	How much is it for adults?
皆さん	みなさん	everyone (polite)	2	皆さん、おはようございます。	みなさん、おはようございます。	Good morning, everyone.
自分	じぶん	oneself	0	自分でやってみます。	じぶんでやってみます。	I'll try it myself.
彼	かれ	he / boyfriend	1	彼はわたしのライバルです。	かれはわたしのライバルです。	He is my rival.
彼女	かのじょ	she / girlfriend	1	彼女はテニスがじょうずです。	かのじょはテニスがじょうずです。	She is good at tennis.
一	いち	one	2	一から十までかぞえます。	いちからじゅうまでかぞえます。	I count from one to ten.
二	に	two	1	二ばんのバスにのります。	にばんのバスにのります。	I take bus number two.
三	さん	three	0	三時にあいましょう。	さんじにあいましょう。	Let's meet at three o'clock.
四	よん	four	1	四ばんのへやはどこですか。	よんばんのへやはどこですか。	Where is room number four?
五	ご	five	1	五分まってください。	ごふんまってください。	Please wait five minutes.
六	ろく	six	2	六時におきます。	ろくじにおきます。	I get up at six.
七	なな	seven	1	ラッキーナンバーは七です。	ラッキーナンバーはななです。	My lucky number is seven.
八	はち	eight	2	八時に学校へ行きます。	はちじにがっこうへいきます。	I go to school at eight.
九	きゅう	nine	1	九ばんのバスをまっています。	きゅうばんのバスをまっています。	I'm waiting for bus number nine.
十	じゅう	ten	1	十までかぞえてください。	じゅうまでかぞえてください。	Please count to ten.
百	ひゃく	hundred	2	このペンは百円です。	このペンはひゃくえんです。	This pen is one hundred yen.
千	せん	thousand	1	この本は千円です。	このほんはせんえんです。	This book is a thousand yen.
万	まん	ten thousand	1	一万円をかしてください。	いちまんえんをかしてください。	Please lend me ten thousand yen.
一つ	ひとつ	one (thing)	2	りんごを一つください。	りんごをひとつください。	One apple, please.
二つ	ふたつ	two (things)	3	たまごを二つ買いました。	たまごをふたつかいました。	I bought two eggs.
三つ	みっつ	three (things)	3	おにぎりを三つ食べました。	おにぎりをみっつたべました。	I ate three rice balls.
四つ	よっつ	four (things)	3	いすが四つあります。	いすがよっつあります。	There are four chairs.
五つ	いつつ	five (things)	2	みかんを五つください。	みかんをいつつください。	Five mandarins, please.
六つ	むっつ	six (things)	3	コップが六つあります。	コップがむっつあります。	There are six glasses.
七つ	ななつ	seven (things)	2	ほしが七つ見えます。	ほしがななつみえます。	I can see seven stars.
八つ	やっつ	eight (things)	3	あめを八つもらいました。	あめをやっつもらいました。	I got eight candies.
九つ	ここのつ	nine (things)	2	はこが九つあります。	はこがここのつあります。	There are nine boxes.
十	とお	ten (things / years old)	1	むすこは十になりました。	むすこはとおになりました。	My son turned ten.		むすこはとおになりました。
一人	ひとり	one person / alone	2	一人で行きます。	ひとりでいきます。	I'll go alone.
二人	ふたり	two people	3	二人でれんしゅうします。	ふたりでれんしゅうします。	The two of us practice together.
半分	はんぶん	half	3	ケーキを半分食べました。	ケーキをはんぶんたべました。	I ate half of the cake.
番号	ばんごう	number	3	電話番号をおしえてください。	でんわばんごうをおしえてください。	Please tell me your phone number.
今	いま	now	1	今、なん時ですか。	いま、なんじですか。	What time is it now?
今日	きょう	today	1	今日はあついですね。	きょうはあついですね。	It's hot today, isn't it?
明日	あした	tomorrow	3	明日はしあいです。	あしたはしあいです。	Tomorrow is the match.
昨日	きのう	yesterday	2	昨日はあめでした。	きのうはあめでした。	It rained yesterday.
毎日	まいにち	every day	1	毎日れんしゅうします。	まいにちれんしゅうします。	I practice every day.
朝	あさ	morning	1	朝はコーヒーをのみます。	あさはコーヒーをのみます。	I drink coffee in the morning.
昼	ひる	noon / daytime	2	昼にうどんを食べました。	ひるにうどんをたべました。	I had udon at noon.
晩	ばん	evening	0	晩はいえでテレビを見ます。	ばんはいえでテレビをみます。	In the evening I watch TV at home.
夜	よる	night	1	夜はしずかです。	よるはしずかです。	It's quiet at night.
夕方	ゆうがた	evening / dusk	0	夕方にかえります。	ゆうがたにかえります。	I'll be back in the evening.
今朝	けさ	this morning	1	今朝はさむかったです。	けさはさむかったです。	It was cold this morning.
今晩	こんばん	tonight	1	今晩、えいがを見ませんか。	こんばん、えいがをみませんか。	Would you like to see a movie tonight?
午前	ごぜん	a.m. / morning	1	午前十時にあいましょう。	ごぜんじゅうじにあいましょう。	Let's meet at ten a.m.
午後	ごご	p.m. / afternoon	1	午後はひまです。	ごごはひまです。	I'm free in the afternoon.
時間	じかん	time / hours	0	時間がありません。	じかんがありません。	I don't have time.
時計	とけい	clock / watch	0	この時計は高いです。	このとけいはたかいです。	This watch is expensive.
週	しゅう	week	1	週に二かいプールへ行きます。	しゅうににかいプールへいきます。	I go to the pool twice a week.
今週	こんしゅう	this week	0	今週はいそがしいです。	こんしゅうはいそがしいです。	I'm busy this week.
来週	らいしゅう	next week	0	来週、しけんがあります。	らいしゅう、しけんがあります。	I have an exam next week.
先週	せんしゅう	last week	0	先週きょうとへ行きました。	せんしゅうきょうとへいきました。	I went to Kyoto last week.
毎週	まいしゅう	every week	0	毎週日曜日にテニスをします。	まいしゅうにちようびにテニスをします。	I play tennis every Sunday.
今月	こんげつ	this month	0	今月はおかねがありません。	こんげつはおかねがありません。	I have no money this month.
来月	らいげつ	next month	1	来月、日本へ行きます。	らいげつ、にほんへいきます。	I'm going to Japan next month.		来月、にほんへ行きます。
先月	せんげつ	last month	1	先月ひっこしました。	せんげつひっこしました。	I moved last month.
毎月	まいつき	every month	0	毎月、本を買います。	まいつき、ほんをかいます。	I buy books every month.
今年	ことし	this year	0	今年はゆきが多いです。	ことしはゆきがおおいです。	There's a lot of snow this year.
来年	らいねん	next year	0	来年、大学に入ります。	らいねん、だいがくにはいります。	I'll start university next year.
去年	きょねん	last year	1	去年、けっこんしました。	きょねん、けっこんしました。	I got married last year.
毎年	まいとし	every year	0	毎年、夏におまつりがあります。	まいとし、なつにおまつりがあります。	There's a festival every summer.
年	とし	year / age	2	あたらしい年がはじまりました。	あたらしいとしがはじまりました。	A new year has begun.
月曜日	げつようび	Monday	3	月曜日は休みです。	げつようびはやすみです。	Monday is a day off.
火曜日	かようび	Tuesday	2	火曜日にテストがあります。	かようびにテストがあります。	There's a test on Tuesday.
水曜日	すいようび	Wednesday	3	水曜日にプールへ行きます。	すいようびにプールへいきます。	I go to the pool on Wednesday.
木曜日	もくようび	Thursday	3	木曜日はいそがしいです。	もくようびはいそがしいです。	I'm busy on Thursday.
金曜日	きんようび	Friday	3	金曜日の夜はひまです。	きんようびのよるはひまです。	I'm free on Friday night.
土曜日	どようび	Saturday	2	土曜日にどうじょうへ行きます。	どようびにどうじょうへいきます。	I go to the dojo on Saturdays.
日曜日	にちようび	Sunday	3	日曜日はなにをしますか。	にちようびはなにをしますか。	What do you do on Sunday?
一昨日	おととい	the day before yesterday	3	一昨日、友達に会いました。	おととい、ともだちにあいました。	I met a friend the day before yesterday.
明後日	あさって	the day after tomorrow	2	明後日はおまつりです。	あさってはおまつりです。	The festival is the day after tomorrow.	あさって	あさってはおまつりです。
毎朝	まいあさ	every morning	1	毎朝ジョギングをします。	まいあさジョギングをします。	I go jogging every morning.
毎晩	まいばん	every night	1	毎晩おふろに入ります。	まいばんおふろにはいります。	I take a bath every night.
誕生日	たんじょうび	birthday	3	誕生日はいつですか。	たんじょうびはいつですか。	When is your birthday?
休み	やすみ	holiday / rest	3	明日は休みです。	あしたはやすみです。	Tomorrow is a day off.
夏休み	なつやすみ	summer vacation	3	夏休みにうみへ行きます。	なつやすみにうみへいきます。	I'll go to the sea during summer vacation.
春	はる	spring	1	春はさくらがきれいです。	はるはさくらがきれいです。	The cherry blossoms are pretty in spring.
夏	なつ	summer	2	夏はとてもあついです。	なつはとてもあついです。	Summer is very hot.
秋	あき	autumn / fall	1	秋はくだものがおいしいです。	あきはくだものがおいしいです。	Fruit is delicious in autumn.
冬	ふゆ	winter	2	冬はスキーをします。	ふゆはスキーをします。	I go skiing in winter.
前	まえ	front / before	1	駅の前でまっています。	えきのまえでまっています。	I'll be waiting in front of the station.
後	あと	after / later	1	しゅくだいの後であそびます。	しゅくだいのあとであそびます。	I'll play after my homework.
ご飯	ごはん	meal / cooked rice	1	ご飯を食べましょう。	ごはんをたべましょう。	Let's eat.
朝ご飯	あさごはん	breakfast	3	朝ご飯はパンです。	あさごはんはパンです。	I have bread for breakfast.
昼ご飯	ひるごはん	lunch	3	昼ご飯をいっしょに食べませんか。	ひるごはんをいっしょにたべませんか。	Shall we have lunch together?
晩ご飯	ばんごはん	dinner	3	晩ご飯はカレーです。	ばんごはんはカレーです。	Dinner is curry.
食べ物	たべもの	food	3	どんな食べ物がすきですか。	どんなたべものがすきですか。	What kind of food do you like?
飲み物	のみもの	drink / beverage	3	飲み物はなにがいいですか。	のみものはなにがいいですか。	What would you like to drink?
水	みず	water	0	水を一ぱいください。	みずをいっぱいください。	A glass of water, please.
お茶	おちゃ	(green) tea	0	お茶をのみませんか。	おちゃをのみませんか。	Would you like some tea?
お酒	おさけ	alcohol / sake	0	父はお酒がすきです。	ちちはおさけがすきです。	My father likes to drink.
牛乳	ぎゅうにゅう	milk	0	毎朝牛乳をのみます。	まいあさぎゅうにゅうをのみます。	I drink milk every morning.
コーヒー	コーヒー	coffee	3	コーヒーにさとうを入れますか。	コーヒーにさとうをいれますか。	Do you take sugar in your coffee?
紅茶	こうちゃ	black tea	0	紅茶にミルクを入れます。	こうちゃにミルクをいれます。	I put milk in my tea.
ジュース	ジュース	juice	1	オレンジジュースをください。	オレンジジュースをください。	Orange juice, please.
肉	にく	meat	2	肉とやさいを買いました。	にくとやさいをかいました。	I bought meat and vegetables.
魚	さかな	fish	0	魚をやいて食べます。	さかなをやいてたべます。	I grill fish and eat it.
野菜	やさい	vegetables	0	野菜をたくさん食べてください。	やさいをたくさんたべてください。	Please eat lots of vegetables.
果物	くだもの	fruit	2	果物はなにがすきですか。	くだものはなにがすきですか。	What fruit do you like?
卵	たまご	egg	2	卵を三つ買いました。	たまごをみっつかいました。	I bought three eggs.
パン	パン	bread	1	朝はパンを食べます。	あさはパンをたべます。	I eat bread in the morning.
お菓子	おかし	sweets / snacks	2	子供はお菓子がすきです。	こどもはおかしがすきです。	Children like sweets.
塩	しお	salt	2	塩をとってください。	しおをとってください。	Please pass the salt.
砂糖	さとう	sugar	2	砂糖はいりません。	さとうはいりません。	I don't need sugar.
醤油	しょうゆ	soy sauce	0	醤油をすこしかけます。	しょうゆをすこしかけます。	I put on a little soy sauce.
料理	りょうり	cooking / dish	1	母の料理はおいしいです。	ははのりょうりはおいしいです。	My mother's cooking is delicious.
お弁当	おべんとう	boxed lunch	0	お弁当をつくりました。	おべんとうをつくりました。	I made a boxed lunch.
牛肉	ぎゅうにく	beef	0	牛肉はたかいです。	ぎゅうにくはたかいです。	Beef is expensive.
豚肉	ぶたにく	pork	0	豚肉でカレーをつくります。	ぶたにくでカレーをつくります。	I make curry with pork.
鳥肉	とりにく	chicken (meat)	0	鳥肉をやきました。	とりにくをやきました。	I grilled some chicken.
りんご	りんご	apple	0	りんごをはんぶんにきりました。	りんごをはんぶんにきりました。	I cut the apple in half.
バナナ	バナナ	banana	1	バナナはやすいです。	バナナはやすいです。	Bananas are cheap.
みかん	みかん	mandarin orange	1	冬はみかんをよく食べます。	ふゆはみかんをよくたべます。	I often eat mandarins in winter.
カレー	カレー	curry	0	カレーがだいすきです。	カレーがだいすきです。	I love curry.
バター	バター	butter	1	パンにバターをぬります。	パンにバターをぬります。	I spread butter on bread.
お腹	おなか	stomach / belly	0	お腹がすきました。	おなかがすきました。	I'm hungry.
箸	はし	chopsticks	1	箸でご飯を食べます。	はしでごはんをたべます。	I eat rice with chopsticks.
皿	さら	plate / dish	0	皿をあらってください。	さらをあらってください。	Please wash the dishes.
茶碗	ちゃわん	rice bowl / teacup	0	茶碗にご飯を入れます。	ちゃわんにごはんをいれます。	I put rice in the bowl.
コップ	コップ	glass (for drinking)	0	コップに水を入れてください。	コップにみずをいれてください。	Please put water in the glass.
カップ	カップ	cup / mug	1	カップがわれました。	カップがわれました。	The cup broke.
フォーク	フォーク	fork	1	フォークをください。	フォークをください。	A fork, please.
ナイフ	ナイフ	knife	1	ナイフで肉をきります。	ナイフでにくをきります。	I cut the meat with a knife.
スプーン	スプーン	spoon	2	スプーンでスープをのみます。	スプーンでスープをのみます。	I eat soup with a spoon.
レストラン	レストラン	restaurant	1	あのレストランはおいしいです。	あのレストランはおいしいです。	The food at that restaurant is good.
食堂	しょくどう	cafeteria / dining hall	0	学校の食堂は安いです。	がっこうのしょくどうはやすいです。	The school cafeteria is cheap.
喫茶店	きっさてん	coffee shop / café	0	駅の前の喫茶店で会いましょう。	えきのまえのきっさてんであいましょう。	Let's meet at the café in front of the station.
行く	いく	to go	0	明日、学校へ行きます。	あした、がっこうへいきます。	I will go to school tomorrow.
来る	くる	to come	1	友達が家に来ます。	ともだちがいえにきます。	A friend is coming to my house.
帰る	かえる	to go home / to return	1	毎日六時に帰ります。	まいにちろくじにかえります。	I go home at six every day.
食べる	たべる	to eat	2	朝ごはんを食べましたか？	あさごはんをたべましたか？	Did you eat breakfast?
飲む	のむ	to drink	1	毎朝、お茶を飲みます。	まいあさ、おちゃをのみます。	I drink tea every morning.
見る	みる	to see / to watch	1	夜、テレビを見ます。	よる、テレビをみます。	I watch TV at night.
聞く	きく	to listen / to ask	0	部屋で音楽を聞きます。	へやでおんがくをききます。	I listen to music in my room.
話す	はなす	to speak / to talk	2	先生と日本語で話しました。	せんせいとにほんごではなしました。	I talked with the teacher in Japanese.
言う	いう	to say	0	先生はなんと言いましたか？	せんせいはなんといいましたか？	What did the teacher say?
読む	よむ	to read	1	電車で本を読みます。	でんしゃでほんをよみます。	I read books on the train.
書く	かく	to write	1	母に手紙を書きました。	ははにてがみをかきました。	I wrote a letter to my mother.
買う	かう	to buy	0	スーパーで肉を買います。	スーパーでにくをかいます。	I buy meat at the supermarket.
売る	うる	to sell	0	あの店で古い本を売っています。	あのみせでふるいほんをうっています。	That shop sells old books.
する	する	to do	0	日曜日はテニスをします。	にちようびはテニスをします。	I play tennis on Sundays.
ある	ある	to exist (things) / to have	1	机の上に本があります。	つくえのうえにほんがあります。	There is a book on the desk.
いる	いる	to exist (living things)	0	公園に犬がいます。	こうえんにいぬがいます。	There is a dog in the park.
分かる	わかる	to understand	2	先生の話がよく分かります。	せんせいのはなしがよくわかります。	I understand the teacher's talk well.
起きる	おきる	to get up / to wake up	2	毎朝七時に起きます。	まいあさしちじにおきます。	I get up at seven every morning.
寝る	ねる	to sleep / to go to bed	0	昨日は早く寝ました。	きのうははやくねました。	I went to bed early yesterday.
出る	でる	to leave / to go out	1	八時に家を出ます。	はちじにいえをでます。	I leave home at eight.
入る	はいる	to enter	1	部屋に入ってください。	へやにはいってください。	Please come into the room.
会う	あう	to meet	1	駅で友達に会いました。	えきでともだちにあいました。	I met a friend at the station.
待つ	まつ	to wait	1	ちょっと待ってください。	ちょっとまってください。	Please wait a moment.
持つ	もつ	to hold / to have	1	かさを持っていますか？	かさをもっていますか？	Do you have an umbrella?
作る	つくる	to make	2	母とばんごはんを作りました。	ははとばんごはんをつくりました。	I made dinner with my mother.
使う	つかう	to use	0	このペンを使ってもいいですか？	このペンをつかってもいいですか？	May I use this pen?
休む	やすむ	to rest / to take time off	2	今日は学校を休みます。	きょうはがっこうをやすみます。	I'm taking the day off school today.
働く	はたらく	to work	0	父は銀行で働いています。	ちちはぎんこうではたらいています。	My father works at a bank.
勉強する	べんきょうする	to study	0	毎日、日本語を勉強します。	まいにち、にほんごをべんきょうします。	I study Japanese every day.
教える	おしえる	to teach / to tell	0	ししょうがわざを教えてくれました。	ししょうがわざをおしえてくれました。	My master taught me a technique.
習う	ならう	to learn (from someone)	2	先生にピアノを習っています。	せんせいにピアノをならっています。	I'm learning piano from a teacher.
覚える	おぼえる	to memorize / to remember	3	新しい言葉を覚えました。	あたらしいことばをおぼえました。	I memorized some new words.
忘れる	わすれる	to forget	0	しゅくだいを忘れました。	しゅくだいをわすれました。	I forgot my homework.
知る	しる	to know	0	先生の電話番号を知っていますか？	せんせいのでんわばんごうをしっていますか？	Do you know the teacher's phone number?
思う	おもう	to think	2	明日は雨だと思います。	あしたはあめだとおもいます。	I think it will rain tomorrow.
始まる	はじまる	to begin (intr.)	0	学校は九時に始まります。	がっこうはくじにはじまります。	School begins at nine.
終わる	おわる	to end / to finish	0	映画は何時に終わりますか？	えいがはなんじにおわりますか？	What time does the movie end?
開ける	あける	to open (something)	0	窓を開けてもいいですか？	まどをあけてもいいですか？	May I open the window?
閉める	しめる	to close (something)	2	ドアを閉めてください。	ドアをしめてください。	Please close the door.
開く	あく	to open (intr.)	0	銀行は九時に開きます。	ぎんこうはくじにあきます。	The bank opens at nine.	あく	銀行は九時にあきます。
閉まる	しまる	to close (intr.)	2	あの店は八時に閉まります。	あのみせははちじにしまります。	That shop closes at eight.
歩く	あるく	to walk	2	駅まで歩きましょう。	えきまであるきましょう。	Let's walk to the station.
走る	はしる	to run	2	毎朝、公園を走ります。	まいあさ、こうえんをはしります。	I run in the park every morning.
泳ぐ	およぐ	to swim	2	夏は海で泳ぎます。	なつはうみでおよぎます。	In summer I swim in the sea.
遊ぶ	あそぶ	to play / to have fun	0	子どもたちが公園で遊んでいます。	こどもたちがこうえんであそんでいます。	The children are playing in the park.
歌う	うたう	to sing	0	おまつりでみんなと歌いました。	おまつりでみんなとうたいました。	I sang with everyone at the festival.
立つ	たつ	to stand	1	ここに立ってください。	ここにたってください。	Please stand here.
座る	すわる	to sit	0	このいすに座ってください。	このいすにすわってください。	Please sit on this chair.
乗る	のる	to ride / to get on	0	毎朝、バスに乗ります。	まいあさ、バスにのります。	I take the bus every morning.
降りる	おりる	to get off	2	次の駅で降ります。	つぎのえきでおります。	I get off at the next station.
着く	つく	to arrive	1	電車は十時に着きます。	でんしゃはじゅうじにつきます。	The train arrives at ten.
住む	すむ	to live (reside)	1	私は東京に住んでいます。	わたしはとうきょうにすんでいます。	I live in Tokyo.
死ぬ	しぬ	to die	0	きんぎょが死んでしまいました。	きんぎょがしんでしまいました。	My goldfish died.
呼ぶ	よぶ	to call (out) / to invite	0	先生が私の名前を呼びました。	せんせいがわたしのなまえをよびました。	The teacher called my name.
答える	こたえる	to answer	3	質問に答えてください。	しつもんにこたえてください。	Please answer the question.
聞こえる	きこえる	to be audible / can hear	0	鳥の声が聞こえます。	とりのこえがきこえます。	I can hear birds singing.
見せる	みせる	to show	2	写真を見せてください。	しゃしんをみせてください。	Please show me the photo.
貸す	かす	to lend	0	辞書を貸してくれませんか？	じしょをかしてくれませんか？	Could you lend me your dictionary?
借りる	かりる	to borrow	0	図書館で本を借りました。	としょかんでほんをかりました。	I borrowed a book from the library.
返す	かえす	to give back / to return	1	明日、本を返します。	あした、ほんをかえします。	I'll return the book tomorrow.
あげる	あげる	to give	0	妹に花をあげました。	いもうとにはなをあげました。	I gave flowers to my little sister.
もらう	もらう	to receive	0	父に時計をもらいました。	ちちにとけいをもらいました。	I got a watch from my father.
くれる	くれる	to give (to me)	0	友達がおかしをくれました。	ともだちがおかしをくれました。	My friend gave me some sweets.
取る	とる	to take / to pass	1	しおを取ってください。	しおをとってください。	Please pass the salt.
置く	おく	to put / to place	0	かばんはここに置いてください。	かばんはここにおいてください。	Please put your bag here.
押す	おす	to push / to press	0	このボタンを押してください。	このボタンをおしてください。	Please press this button.
引く	ひく	to pull	0	ドアを引いてください。	ドアをひいてください。	Please pull the door.
付ける	つける	to turn on / to attach	2	電気を付けてください。	でんきをつけてください。	Please turn on the light.
消す	けす	to turn off / to erase	0	テレビを消してください。	テレビをけしてください。	Please turn off the TV.
点く	つく	to come on (light)	2	部屋の電気が点いています。	へやのでんきがついています。	The light in the room is on.
消える	きえる	to go out (light) / to vanish	0	きゅうに電気が消えました。	きゅうにでんきがきえました。	Suddenly the lights went out.
出す	だす	to take out / to hand in	1	しゅくだいを出してください。	しゅくだいをだしてください。	Please hand in your homework.
入れる	いれる	to put in	0	コーヒーにさとうを入れますか？	コーヒーにさとうをいれますか？	Do you take sugar in your coffee?
送る	おくる	to send	0	友達にメールを送りました。	ともだちにメールをおくりました。	I sent an email to a friend.
洗う	あらう	to wash	0	食べる前に手を洗います。	たべるまえにてをあらいます。	I wash my hands before eating.
浴びる	あびる	to take (a shower)	0	毎朝シャワーを浴びます。	まいあさシャワーをあびます。	I take a shower every morning.
着る	きる	to wear (on the body)	0	白いシャツを着ています。	しろいシャツをきています。	I'm wearing a white shirt.
脱ぐ	ぬぐ	to take off (clothes)	1	ここでくつを脱いでください。	ここでくつをぬいでください。	Please take off your shoes here.
履く	はく	to put on (shoes, pants)	0	新しいくつを履きました。	あたらしいくつをはきました。	I put on my new shoes.
被る	かぶる	to put on (a hat)	2	弟は青いぼうしを被っています。	おとうとはあおいぼうしをかぶっています。	My little brother is wearing a blue hat.	かぶる	弟は青いぼうしをかぶっています。
掛ける	かける	to hang / to make (a call)	2	母に電話を掛けました。	ははにでんわをかけました。	I called my mother.
吸う	すう	to smoke / to breathe in	0	ここでたばこを吸わないでください。	ここでたばこをすわないでください。	Please don't smoke here.
吹く	ふく	to blow	1	今日は風が強く吹いています。	きょうはかぜがつよくふいています。	The wind is blowing hard today.
降る	ふる	to fall (rain, snow)	1	朝から雨が降っています。	あさからあめがふっています。	It has been raining since morning.
晴れる	はれる	to clear up (weather)	2	明日は晴れるでしょう。	あしたははれるでしょう。	It will probably be sunny tomorrow.	はれる
曇る	くもる	to become cloudy	2	今日は朝から曇っています。	きょうはあさからくもっています。	It has been cloudy since this morning.
飛ぶ	とぶ	to fly	0	空を鳥が飛んでいます。	そらをとりがとんでいます。	Birds are flying in the sky.
鳴く	なく	to cry (animal) / to chirp	0	外でねこが鳴いています。	そとでねこがないています。	A cat is meowing outside.
咲く	さく	to bloom	0	春にさくらが咲きます。	はるにさくらがさきます。	Cherry blossoms bloom in spring.
並ぶ	ならぶ	to line up (intr.)	0	店の前に人が並んでいます。	みせのまえにひとがならんでいます。	People are lined up in front of the shop.
並べる	ならべる	to line up / to arrange (tr.)	0	テーブルにおさらを並べました。	テーブルにおさらをならべました。	I set the plates out on the table.
渡る	わたる	to cross	0	気をつけて道を渡りましょう。	きをつけてみちをわたりましょう。	Let's cross the road carefully.
渡す	わたす	to hand over	0	この手紙を先生に渡してください。	このてがみをせんせいにわたしてください。	Please give this letter to the teacher.
曲がる	まがる	to turn (a corner)	0	次のかどを右に曲がってください。	つぎのかどをみぎにまがってください。	Please turn right at the next corner.
困る	こまる	to be troubled	2	お金がなくて困っています。	おかねがなくてこまっています。	I'm in trouble because I have no money.
頼む	たのむ	to ask (a favour) / to order	2	ラーメンを頼みました。	ラーメンをたのみました。	I ordered ramen.
弾く	ひく	to play (an instrument)	0	姉はピアノを弾きます。	あねはピアノをひきます。	My older sister plays the piano.
撮る	とる	to take (a photo)	1	ここで写真を撮りましょう。	ここでしゃしんをとりましょう。	Let's take a photo here.
切る	きる	to cut	1	はさみで紙を切ります。	はさみでかみをきります。	I cut the paper with scissors.
磨く	みがく	to brush (teeth) / to polish	0	寝る前に歯を磨きます。	ねるまえにはをみがきます。	I brush my teeth before bed.
生まれる	うまれる	to be born	0	私は八月に生まれました。	わたしははちがつにうまれました。	I was born in August.
結婚する	けっこんする	to get married	0	姉は来年結婚します。	あねはらいねんけっこんします。	My older sister is getting married next year.
散歩する	さんぽする	to take a walk	0	毎朝、犬と散歩します。	まいあさ、いぬとさんぽします。	I walk with my dog every morning.
旅行する	りょこうする	to travel	0	夏休みに京都を旅行しました。	なつやすみにきょうとをりょこうしました。	I traveled around Kyoto during summer vacation.
掃除する	そうじする	to clean	0	日曜日に部屋を掃除します。	にちようびにへやをそうじします。	I clean my room on Sundays.
洗濯する	せんたくする	to do laundry	0	天気がいいので洗濯します。	てんきがいいのでせんたくします。	The weather is nice, so I'll do the laundry.
料理する	りょうりする	to cook	1	父は日曜日によく料理します。	ちちはにちようびによくりょうりします。	My father often cooks on Sundays.
練習する	れんしゅうする	to practice	0	毎日、どうじょうで練習します。	まいにち、どうじょうでれんしゅうします。	I practice at the dojo every day.
質問する	しつもんする	to ask a question	0	分からないときは先生に質問します。	わからないときはせんせいにしつもんします。	When I don't understand, I ask the teacher.
電話する	でんわする	to make a phone call	0	夜、母に電話します。	よる、ははにでんわします。	I'll call my mother tonight.
出かける	でかける	to go out	0	日曜日は家族と出かけます。	にちようびはかぞくとでかけます。	On Sundays I go out with my family.
疲れる	つかれる	to get tired	3	今日はとても疲れました。	きょうはとてもつかれました。	I got very tired today.
始める	はじめる	to begin (something)	0	去年、からてを始めました。	きょねん、からてをはじめました。	I started karate last year.
勤める	つとめる	to work for / to be employed	3	兄は会社に勤めています。	あにはかいしゃにつとめています。	My older brother works for a company.
登る	のぼる	to climb	0	友達と山に登りました。	ともだちとやまにのぼりました。	I climbed a mountain with a friend.
要る	いる	to need	0	パスポートは要りますか？	パスポートはいりますか？	Do I need a passport?
できる	できる	to be able to / can do	2	私は日本語ができます。	わたしはにほんごができます。	I can speak Japanese.
なる	なる	to become	1	もっと強くなりたいです。	もっとつよくなりたいです。	I want to become stronger.
やる	やる	to do (casual)	0	いっしょにしゅくだいをやりましょう。	いっしょにしゅくだいをやりましょう。	Let's do our homework together.
違う	ちがう	to differ / to be wrong	0	それはちょっと違います。	それはちょっとちがいます。	That's not quite right.
大きい	おおきい	big	3	あの大きい木は何ですか？	あのおおきいきはなんですか？	What is that big tree?		あの大きい木はなんですか？
小さい	ちいさい	small	3	小さいかばんを買いました。	ちいさいかばんをかいました。	I bought a small bag.
新しい	あたらしい	new	4	新しい車がほしいです。	あたらしいくるまがほしいです。	I want a new car.
古い	ふるい	old (things)	2	この家はとても古いです。	このいえはとてもふるいです。	This house is very old.
いい	いい	good	1	今日はいい天気ですね。	きょうはいいてんきですね。	It's nice weather today, isn't it?
悪い	わるい	bad	2	昨日は天気が悪かったです。	きのうはてんきがわるかったです。	The weather was bad yesterday.
高い	たかい	expensive / tall	2	このかばんは高いですね。	このかばんはたかいですね。	This bag is expensive, isn't it?
安い	やすい	cheap	2	この店の野菜は安いです。	このみせのやさいはやすいです。	The vegetables at this shop are cheap.
低い	ひくい	low / short (height)	2	弟はせが低いです。	おとうとはせがひくいです。	My little brother is short.
長い	ながい	long	2	妹はかみが長いです。	いもうとはかみがながいです。	My little sister has long hair.
短い	みじかい	short (length)	3	冬は日が短いです。	ふゆはひがみじかいです。	The days are short in winter.
多い	おおい	many / a lot	1	東京は人が多いです。	とうきょうはひとがおおいです。	There are a lot of people in Tokyo.
少ない	すくない	few / little	3	この町は店が少ないです。	このまちはみせがすくないです。	There are few shops in this town.
早い	はやい	early	2	父は朝が早いです。	ちちはあさがはやいです。	My father gets up early.
速い	はやい	fast (speed)	2	ライバルは足が速いです。	ライバルはあしがはやいです。	My rival is a fast runner.
遅い	おそい	slow / late	0	今日はバスが遅いですね。	きょうはバスがおそいですね。	The bus is late today, isn't it?
近い	ちかい	near / close	2	駅は家から近いです。	えきはいえからちかいです。	The station is close to my house.
遠い	とおい	far	0	学校は少し遠いです。	がっこうはすこしとおいです。	School is a little far.
暑い	あつい	hot (weather)	2	日本の夏は暑いです。	にほんのなつはあついです。	Summers in Japan are hot.		にほんの夏は暑いです。
寒い	さむい	cold (weather)	2	外はとても寒いです。	そとはとてもさむいです。	It's very cold outside.
熱い	あつい	hot (to the touch)	2	気をつけて、お茶は熱いですよ。	きをつけて、おちゃはあついですよ。	Be careful, the tea is hot.
冷たい	つめたい	cold (to the touch)	0	冷たい水を飲みたいです。	つめたいみずをのみたいです。	I want to drink cold water.
暖かい	あたたかい	warm (weather)	4	春になって暖かくなりました。	はるになってあたたかくなりました。	Spring has come and it's gotten warm.
涼しい	すずしい	cool (weather)	3	山の上は涼しいです。	やまのうえはすずしいです。	It's cool at the top of the mountain.
ぬるい	ぬるい	lukewarm	2	このスープはぬるいです。	このスープはぬるいです。	This soup is lukewarm.
難しい	むずかしい	difficult	0	日本語の漢字は難しいです。	にほんごのかんじはむずかしいです。	Japanese kanji are difficult.
易しい	やさしい	easy (simple)	0	このテストは易しかったです。	このテストはやさしかったです。	This test was easy.
優しい	やさしい	kind / gentle	0	姉はとても優しいです。	あねはとてもやさしいです。	My older sister is very kind.
面白い	おもしろい	interesting / funny	4	このまんがはとても面白いです。	このまんがはとてもおもしろいです。	This manga is very interesting.
つまらない	つまらない	boring	3	その映画はつまらなかったです。	そのえいがはつまらなかったです。	That movie was boring.
楽しい	たのしい	fun / enjoyable	3	旅行はとても楽しかったです。	りょこうはとてもたのしかったです。	The trip was a lot of fun.
嬉しい	うれしい	happy / glad	3	しあいにかって嬉しいです。	しあいにかってうれしいです。	I'm happy I won the match.
悲しい	かなしい	sad	0	その話はとても悲しいです。	そのはなしはとてもかなしいです。	That story is very sad.
忙しい	いそがしい	busy	4	今週はとても忙しいです。	こんしゅうはとてもいそがしいです。	I'm very busy this week.
美味しい	おいしい	delicious	0	このケーキは美味しいです。	このケーキはおいしいです。	This cake is delicious.
甘い	あまい	sweet	0	このりんごは甘いです。	このりんごはあまいです。	This apple is sweet.
辛い	からい	spicy / hot (taste)	2	このカレーは辛いです。	このカレーはからいです。	This curry is spicy.	からい	このカレーはからいです。
痛い	いたい	painful / sore	2	朝から頭が痛いです。	あさからあたまがいたいです。	I've had a headache since morning.
強い	つよい	strong	2	ししょうはとても強いです。	ししょうはとてもつよいです。	My master is very strong.
弱い	よわい	weak	2	私はおさけに弱いです。	わたしはおさけによわいです。	I can't hold my alcohol.
重い	おもい	heavy	0	このにもつはとても重いです。	このにもつはとてもおもいです。	This luggage is very heavy.
軽い	かるい	light (weight)	0	このパソコンは軽いです。	このパソコンはかるいです。	This computer is light.
広い	ひろい	wide / spacious	2	新しい部屋は広いです。	あたらしいへやはひろいです。	My new room is spacious.
狭い	せまい	narrow / cramped	2	この道は狭いですね。	このみちはせまいですね。	This road is narrow, isn't it?
明るい	あかるい	bright	0	この部屋は明るいですね。	このへやはあかるいですね。	This room is bright, isn't it?
暗い	くらい	dark	0	外はもう暗いです。	そとはもうくらいです。	It's already dark outside.
白い	しろい	white	2	白い花が咲いています。	しろいはながさいています。	White flowers are blooming.
黒い	くろい	black	2	黒いくつを買いました。	くろいくつをかいました。	I bought black shoes.
赤い	あかい	red	0	赤いりんごを食べました。	あかいりんごをたべました。	I ate a red apple.
青い	あおい	blue	2	今日は空が青いです。	きょうはそらがあおいです。	The sky is blue today.
黄色い	きいろい	yellow	0	黄色いかさを持っています。	きいろいかさをもっています。	I have a yellow umbrella.
茶色	ちゃいろ	brown	0	茶色のくつをかいました。	ちゃいろのくつをかいました。	I bought brown shoes.
緑	みどり	green	1	きのはが緑になりました。	きのはがみどりになりました。	The leaves turned green.
色	いろ	colour	2	どの色がすきですか。	どのいろがすきですか。	Which colour do you like?
可愛い	かわいい	cute	3	このねこは可愛いですね。	このねこはかわいいですね。	This cat is cute, isn't it?
若い	わかい	young	2	せんせいはまだ若いです。	せんせいはまだわかいです。	The teacher is still young.
太い	ふとい	thick / fat	2	太いペンでかいてください。	ふといペンでかいてください。	Please write with a thick pen.
細い	ほそい	thin / narrow	2	このみちは細いですね。	このみちはほそいですね。	This road is narrow, isn't it?
厚い	あつい	thick (of objects)	0	このほんはとても厚いです。	このほんはとてもあついです。	This book is very thick.
薄い	うすい	thin / weak (taste)	0	このおちゃは薄いです。	このおちゃはうすいです。	This tea is weak.
丸い	まるい	round	0	丸いテーブルをかいました。	まるいテーブルをかいました。	We bought a round table.
汚い	きたない	dirty	3	わたしのへやは汚いです。	わたしのへやはきたないです。	My room is dirty.
危ない	あぶない	dangerous	0	そこは危ないですよ！	そこはあぶないですよ！	That's dangerous!
欲しい	ほしい	wanted / desired	2	あたらしいかばんが欲しいです。	あたらしいかばんがほしいです。	I want a new bag.
うるさい	うるさい	noisy / annoying	3	となりのへやがうるさいです。	となりのへやがうるさいです。	The room next door is noisy.
眠い	ねむい	sleepy	0	けさはとても眠いです。	けさはとてもねむいです。	I'm very sleepy this morning.
綺麗	きれい	pretty / clean	1	はなが綺麗ですね。	はながきれいですね。	The flowers are pretty, aren't they?
静か	しずか	quiet	1	としょかんは静かです。	としょかんはしずかです。	The library is quiet.	しずか
賑やか	にぎやか	lively / bustling	2	おまつりはとても賑やかでした。	おまつりはとてもにぎやかでした。	The festival was very lively.
元気	げんき	healthy / energetic	1	お元気ですか。	おげんきですか。	How are you?
有名	ゆうめい	famous	0	このみせはとても有名です。	このみせはとてもゆうめいです。	This shop is very famous.
親切	しんせつ	kind	1	あのひとは親切ですね。	あのひとはしんせつですね。	That person is kind, isn't he?
便利	べんり	convenient	1	でんしゃはとても便利です。	でんしゃはとてもべんりです。	Trains are very convenient.
暇	ひま	free time / free	0	あしたは暇ですか。	あしたはひまですか。	Are you free tomorrow?	ひま
好き	すき	liked / fond of	2	すしが好きです。	すしがすきです。	I like sushi.
嫌い	きらい	disliked / hated	0	やさいが嫌いです。	やさいがきらいです。	I don't like vegetables.
大好き	だいすき	really like / love	1	おとうとはサッカーが大好きです。	おとうとはサッカーがだいすきです。	My little brother loves soccer.
大嫌い	だいきらい	really hate	1	わたしはむしが大嫌いです。	わたしはむしがだいきらいです。	I really hate bugs.
上手	じょうず	skilful / good at	3	あねはりょうりが上手です。	あねはりょうりがじょうずです。	My older sister is good at cooking.
下手	へた	unskilful / bad at	2	わたしはうたが下手です。	わたしはうたがへたです。	I'm bad at singing.
大丈夫	だいじょうぶ	all right / OK	3	けがは大丈夫ですか。	けがはだいじょうぶですか。	Is your injury all right?
大切	たいせつ	important / precious	0	これは大切なしゃしんです。	これはたいせつなしゃしんです。	This is a precious photo.
大変	たいへん	hard / tough	0	しごとは大変ですか。	しごとはたいへんですか。	Is your work tough?
丈夫	じょうぶ	sturdy / strong	0	このかばんは丈夫です。	このかばんはじょうぶです。	This bag is sturdy.	じょうぶ
簡単	かんたん	easy / simple	0	このもんだいは簡単です。	このもんだいはかんたんです。	This question is easy.
嫌	いや	unpleasant / disagreeable	2	あめのひは嫌です。	あめのひはいやです。	I hate rainy days.
同じ	おなじ	same	0	わたしたちは同じクラスです。	わたしたちはおなじクラスです。	We are in the same class.
色々	いろいろ	various	0	色々なくにへいきたいです。	いろいろなくにへいきたいです。	I want to go to various countries.
家	いえ	house / home	2	家のまえにこうえんがあります。	いえのまえにこうえんがあります。	There is a park in front of my house.
うち	うち	home / one's house	0	あしたうちにきてください。	あしたうちにきてください。	Please come to my place tomorrow.
部屋	へや	room	2	部屋をそうじしました。	へやをそうじしました。	I cleaned my room.
学校	がっこう	school	0	まいにち学校へいきます。	まいにちがっこうへいきます。	I go to school every day.
大学	だいがく	university	0	あには大学のがくせいです。	あにはだいがくのがくせいです。	My older brother is a university student.
会社	かいしゃ	company	0	ちちは会社ではたらいています。	ちちはかいしゃではたらいています。	My father works at a company.
病院	びょういん	hospital	0	きのう病院へいきました。	きのうびょういんへいきました。	I went to the hospital yesterday.
駅	えき	station	1	駅はどこですか。	えきはどこですか。	Where is the station?
銀行	ぎんこう	bank	0	銀行でおかねをだしました。	ぎんこうでおかねをだしました。	I took out money at the bank.
郵便局	ゆうびんきょく	post office	3	郵便局できってをかいました。	ゆうびんきょくできってをかいました。	I bought stamps at the post office.
図書館	としょかん	library	2	図書館でほんをかりました。	としょかんでほんをかりました。	I borrowed a book at the library.
店	みせ	shop / store	2	あの店はやすいです。	あのみせはやすいです。	That shop is cheap.
本屋	ほんや	bookstore	1	えきのまえに本屋があります。	えきのまえにほんやがあります。	There is a bookstore in front of the station.
八百屋	やおや	greengrocer	0	八百屋でトマトをかいました。	やおやでトマトをかいました。	I bought tomatoes at the greengrocer's.
花屋	はなや	flower shop	2	花屋ではなをかいました。	はなやではなをかいました。	I bought flowers at the flower shop.
肉屋	にくや	butcher's shop	2	肉屋のまえでまっています。	にくやのまえでまっています。	I'm waiting in front of the butcher's.
公園	こうえん	park	0	にちようびに公園であそびました。	にちようびにこうえんであそびました。	I played in the park on Sunday.
映画館	えいがかん	movie theater	3	映画館のまえでまちましょう。	えいがかんのまえでまちましょう。	Let's meet in front of the movie theater.
交番	こうばん	police box	0	交番でみちをききました。	こうばんでみちをききました。	I asked the way at the police box.
大使館	たいしかん	embassy	3	大使館はどこにありますか。	たいしかんはどこにありますか。	Where is the embassy?
教室	きょうしつ	classroom	0	教室にだれもいません。	きょうしつにだれもいません。	There is no one in the classroom.
台所	だいどころ	kitchen	0	はははいま台所にいます。	はははいまだいどころにいます。	My mother is in the kitchen now.
お手洗い	おてあらい	restroom / toilet	3	お手洗いはどこですか。	おてあらいはどこですか。	Where is the restroom?
トイレ	トイレ	toilet	1	トイレはあちらです。	トイレはあちらです。	The toilet is over there.
風呂	ふろ	bath	2	まいばん風呂にはいります。	まいばんふろにはいります。	I take a bath every night.
玄関	げんかん	entrance hall	1	玄関でくつをぬいでください。	げんかんでくつをぬいでください。	Please take off your shoes in the entryway.
階段	かいだん	stairs	0	階段ではしらないでください。	かいだんではしらないでください。	Please don't run on the stairs.
庭	にわ	garden / yard	0	庭にきれいなはながあります。	にわにきれいなはながあります。	There are pretty flowers in the garden.
門	もん	gate	1	どうじょうの門はおおきいです。	どうじょうのもんはおおきいです。	The dojo's gate is big.
建物	たてもの	building / structure	2	あのたかい建物はなんですか。	あのたかいたてものはなんですか。	What is that tall building?
ビル	ビル	(office) building	1	えきのまえにたかいビルがあります。	えきのまえにたかいビルがあります。	There is a tall building in front of the station.
アパート	アパート	apartment	2	わたしのアパートはせまいです。	わたしのアパートはせまいです。	My apartment is small.
ホテル	ホテル	hotel	1	ホテルのへやはひろいです。	ホテルのへやはひろいです。	The hotel room is spacious.
デパート	デパート	department store	2	デパートでかいものをしました。	デパートでかいものをしました。	I went shopping at the department store.
スーパー	スーパー	supermarket	1	スーパーへやさいをかいにいきます。	スーパーへやさいをかいにいきます。	I'm going to the supermarket to buy vegetables.
町	まち	town	2	この町はしずかです。	このまちはしずかです。	This town is quiet.
村	むら	village	2	村にはみせがすくないです。	むらにはみせがすくないです。	There are few shops in the village.
国	くに	country	0	お国はどちらですか。	おくにはどちらですか。	Which country are you from?
外国	がいこく	foreign country	0	外国へいきたいです。	がいこくへいきたいです。	I want to go abroad.
道	みち	road / way	0	この道をまっすぐいってください。	このみちをまっすぐいってください。	Please go straight along this road.
橋	はし	bridge	2	あの橋をわたってください。	あのはしをわたってください。	Please cross that bridge.
角	かど	corner	1	つぎの角をみぎにまがってください。	つぎのかどをみぎにまがってください。	Please turn right at the next corner.	かど	つぎのかどをみぎにまがってください。
交差点	こうさてん	intersection	0	交差点でとまってください。	こうさてんでとまってください。	Please stop at the intersection.
入口	いりぐち	entrance	0	入口はこちらです。	いりぐちはこちらです。	The entrance is this way.
出口	でぐち	exit	1	ひがしの出口でまっています。	ひがしのでぐちでまっています。	I'll be waiting at the east exit.
所	ところ	place	0	ここはしずかな所ですね。	ここはしずかなところですね。	This is a quiet place, isn't it?
池	いけ	pond	2	池にさかながいます。	いけにさかながいます。	There are fish in the pond.
川	かわ	river	2	川でおよぎました。	かわでおよぎました。	I swam in the river.
海	うみ	sea / ocean	1	なつやすみに海へいきました。	なつやすみにうみへいきました。	I went to the sea during summer vacation.
山	やま	mountain	2	ししょうと山でしゅぎょうしました。	ししょうとやまでしゅぎょうしました。	I trained in the mountains with my master.
空	そら	sky	1	きょうは空があおいです。	きょうはそらがあおいです。	The sky is blue today.
島	しま	island	2	あの島にはひとがいません。	あのしまにはひとがいません。	No one lives on that island.
東京	とうきょう	Tokyo	0	あには東京にすんでいます。	あにはとうきょうにすんでいます。	My older brother lives in Tokyo.
日本	にほん	Japan	2	日本のたべものがすきです。	にほんのたべものがすきです。	I like Japanese food.	にほん	にほんのたべものがすきです。
上	うえ	on / above	0	つくえの上にほんがあります。	つくえのうえにほんがあります。	There is a book on the desk.
下	した	under / below	0	いすの下にねこがいます。	いすのしたにねこがいます。	There is a cat under the chair.
中	なか	inside / in	1	かばんの中になにがありますか。	かばんのなかになにがありますか。	What is in the bag?
外	そと	outside	1	外はさむいです。	そとはさむいです。	It's cold outside.
右	みぎ	right	0	えきは右にあります。	えきはみぎにあります。	The station is on the right.
左	ひだり	left	0	左をみてください。	ひだりをみてください。	Please look to the left.
横	よこ	side / beside	0	ぎんこうの横にカフェがあります。	ぎんこうのよこにカフェがあります。	There is a café next to the bank.
隣	となり	next door / next to	0	隣のひとはしんせつです。	となりのひとはしんせつです。	The person next door is kind.
側	そば	near / beside	1	えきの側にすんでいます。	えきのそばにすんでいます。	I live near the station.	そば	えきのそばにすんでいます。
近く	ちかく	nearby / vicinity	2	近くにコンビニがありますか。	ちかくにコンビニがありますか。	Is there a convenience store nearby?
向こう	むこう	over there / other side	2	かわの向こうにやまがあります。	かわのむこうにやまがあります。	There is a mountain across the river.
東	ひがし	east	0	ひは東からのぼります。	ひはひがしからのぼります。	The sun rises in the east.
西	にし	west	0	西のそらがあかいです。	にしのそらがあかいです。	The western sky is red.
南	みなみ	south	0	ふゆは南のくにへいきたいです。	ふゆはみなみのくにへいきたいです。	In winter I want to go to a southern country.
北	きた	north	0	ほっかいどうはにほんの北にあります。	ほっかいどうはにほんのきたにあります。	Hokkaido is in the north of Japan.
後ろ	うしろ	behind / back	0	わたしの後ろにだれかいます！	わたしのうしろにだれかいます！	There's someone behind me!
間	あいだ	between / interval	0	ぎんこうとえきの間にみせがあります。	ぎんこうとえきのあいだにみせがあります。	There is a shop between the bank and the station.
真ん中	まんなか	middle / center	0	へやの真ん中にテーブルがあります。	へやのまんなかにテーブルがあります。	There is a table in the middle of the room.
本	ほん	book	1	まいばん本をよみます。	まいばんほんをよみます。	I read a book every night.
雑誌	ざっし	magazine	0	えきで雑誌をかいました。	えきでざっしをかいました。	I bought a magazine at the station.
新聞	しんぶん	newspaper	0	ちちはあさ新聞をよみます。	ちちはあさしんぶんをよみます。	My father reads the newspaper in the morning.
辞書	じしょ	dictionary	1	辞書をかしてください。	じしょをかしてください。	Please lend me your dictionary.
手紙	てがみ	letter	0	ははに手紙をかきました。	ははにてがみをかきました。	I wrote a letter to my mother.
葉書	はがき	postcard	0	ともだちに葉書をだしました。	ともだちにはがきをだしました。	I sent a postcard to a friend.
切手	きって	postage stamp	0	切手をさんまいください。	きってをさんまいください。	Three stamps, please.
封筒	ふうとう	envelope	0	封筒にてがみをいれました。	ふうとうにてがみをいれました。	I put the letter in the envelope.
紙	かみ	paper	2	紙とペンをください。	かみとペンをください。	Please give me paper and a pen.
鉛筆	えんぴつ	pencil	0	鉛筆でなまえをかいてください。	えんぴつでなまえをかいてください。	Please write your name in pencil.
ペン	ペン	pen	1	このペンはだれのですか。	このペンはだれのですか。	Whose pen is this?
ボールペン	ボールペン	ballpoint pen	0	ボールペンでかいてもいいですか。	ボールペンでかいてもいいですか。	May I write with a ballpoint pen?
万年筆	まんねんひつ	fountain pen	3	そふに万年筆をもらいました。	そふにまんねんひつをもらいました。	I got a fountain pen from my grandfather.
ノート	ノート	notebook	1	あたらしいノートをかいました。	あたらしいノートをかいました。	I bought a new notebook.
鞄	かばん	bag	0	鞄がとてもおもいです。	かばんがとてもおもいです。	My bag is very heavy.
机	つくえ	desk	0	机のうえにパソコンがあります。	つくえのうえにパソコンがあります。	There is a computer on the desk.
椅子	いす	chair	0	この椅子にすわってください。	このいすにすわってください。	Please sit on this chair.
窓	まど	window	1	窓をあけてもいいですか。	まどをあけてもいいですか。	May I open the window?
戸	と	door (esp. sliding)	0	戸があいていますよ。	とがあいていますよ。	The door is open.
ドア	ドア	door	1	ドアをしずかにしめてください。	ドアをしずかにしめてください。	Please close the door quietly.
テーブル	テーブル	table	0	テーブルにおさらをならべます。	テーブルにおさらをならべます。	I set the plates on the table.
ベッド	ベッド	bed	1	ベッドでほんをよみます。	ベッドでほんをよみます。	I read books in bed.
本棚	ほんだな	bookshelf	1	本棚にじしょがあります。	ほんだなにじしょがあります。	There is a dictionary on the bookshelf.
電気	でんき	electricity / light	1	電気をけしてください。	でんきをけしてください。	Please turn off the light.
テレビ	テレビ	television	1	よるテレビをみます。	よるテレビをみます。	I watch TV in the evening.
ラジオ	ラジオ	radio	1	あさラジオをききます。	あさラジオをききます。	I listen to the radio in the morning.
電話	でんわ	telephone / phone call	0	あとで電話します。	あとででんわします。	I'll call you later.
カメラ	カメラ	camera	1	あたらしいカメラがほしいです。	あたらしいカメラがほしいです。	I want a new camera.
写真	しゃしん	photograph	0	写真をとりましょう。	しゃしんをとりましょう。	Let's take a photo.
冷蔵庫	れいぞうこ	refrigerator	3	冷蔵庫にぎゅうにゅうがあります。	れいぞうこにぎゅうにゅうがあります。	There is milk in the fridge.
ストーブ	ストーブ	heater	2	さむいからストーブをつけます。	さむいからストーブをつけます。	It's cold, so I'll turn on the heater.
箱	はこ	box	0	箱になにがはいっていますか。	はこになにがはいっていますか。	What's in the box?
傘	かさ	umbrella	1	あめですから傘をもっていきます。	あめですからかさをもっていきます。	It's raining, so I'll take an umbrella.
鍵	かぎ	key / lock	2	鍵をなくしました。	かぎをなくしました。	I lost my key.
財布	さいふ	wallet / purse	0	財布をわすれました。	さいふをわすれました。	I forgot my wallet.
お金	おかね	money	0	お金がありません。	おかねがありません。	I have no money.
物	もの	thing / object	2	このみせにはいい物がおおいです。	このみせにはいいものがおおいです。	This shop has lots of good things.
眼鏡	めがね	glasses	1	ちちは眼鏡をかけています。	ちちはめがねをかけています。	My father wears glasses.
花瓶	かびん	vase	0	花瓶にはなをいれました。	かびんにはなをいれました。	I put flowers in the vase.
石鹸	せっけん	soap	0	石鹸でてをあらいましょう。	せっけんでてをあらいましょう。	Let's wash our hands with soap.
タオル	タオル	towel	1	タオルでかおをふきました。	タオルでかおをふきました。	I wiped my face with a towel.
レコード	レコード	record (music)	2	そふはレコードがすきです。	そふはレコードがすきです。	My grandfather likes records.
ギター	ギター	guitar	1	あにはギターがじょうずです。	あにはギターがじょうずです。	My older brother is good at guitar.
テープ	テープ	tape	1	このテープをきいてください。	このテープをきいてください。	Please listen to this tape.
ニュース	ニュース	news	1	まいあさニュースをみます。	まいあさニュースをみます。	I watch the news every morning.
パーティー	パーティー	party	1	どようびにパーティーをします。	どようびにパーティーをします。	We're having a party on Saturday.
宿題	しゅくだい	homework	0	宿題はもうおわりましたか。	しゅくだいはもうおわりましたか。	Have you finished your homework yet?
問題	もんだい	problem / question	0	この問題はむずかしいです。	このもんだいはむずかしいです。	This problem is difficult.
質問	しつもん	question	0	質問してもいいですか。	しつもんしてもいいですか。	May I ask a question?
答え	こたえ	answer	2	答えをノートにかいてください。	こたえをノートにかいてください。	Please write the answers in your notebook.
言葉	ことば	word / language	3	この言葉のいみがわかりません。	このことばのいみがわかりません。	I don't understand the meaning of this word.
漢字	かんじ	kanji	0	漢字をれんしゅうしています。	かんじをれんしゅうしています。	I'm practicing kanji.
平仮名	ひらがな	hiragana	3	なまえを平仮名でかいてください。	なまえをひらがなでかいてください。	Please write your name in hiragana.
片仮名	かたかな	katakana	3	片仮名はもうよめます。	かたかなはもうよめます。	I can already read katakana.
英語	えいご	English (language)	0	英語をはなせますか。	えいごをはなせますか。	Can you speak English?
日本語	にほんご	Japanese (language)	0	日本語のべんきょうはたのしいです。	にほんごのべんきょうはたのしいです。	Studying Japanese is fun.
文章	ぶんしょう	sentence / writing	1	この文章をよんでください。	このぶんしょうをよんでください。	Please read this passage.
作文	さくぶん	composition / essay	0	なつやすみの作文をかきました。	なつやすみのさくぶんをかきました。	I wrote an essay about summer vacation.
試験	しけん	exam	2	あしたは試験があります。	あしたはしけんがあります。	I have an exam tomorrow.
テスト	テスト	test	1	テストはどうでしたか。	テストはどうでしたか。	How was the test?
授業	じゅぎょう	class / lesson	1	授業はくじからです。	じゅぎょうはくじからです。	Class starts at nine.
練習	れんしゅう	practice	0	まいにちどうじょうで練習します。	まいにちどうじょうでれんしゅうします。	I practice at the dojo every day.
勉強	べんきょう	study	0	よるおそくまで勉強しました。	よるおそくまでべんきょうしました。	I studied until late at night.
意味	いみ	meaning	1	これはどういう意味ですか。	これはどういういみですか。	What does this mean?
話	はなし	talk / story	3	ししょうの話はおもしろいです。	ししょうのはなしはおもしろいです。	My master's stories are interesting.
歌	うた	song	2	おまつりで歌をうたいました。	おまつりでうたをうたいました。	I sang a song at the festival.
音楽	おんがく	music	1	よく音楽をききます。	よくおんがくをききます。	I often listen to music.
映画	えいが	movie	1	いっしょに映画をみませんか。	いっしょにえいがをみませんか。	Would you like to see a movie together?
絵	え	picture / painting	1	絵をかくのがすきです。	えをかくのがすきです。	I like drawing pictures.
仕事	しごと	work / job	0	仕事はたのしいです。	しごとはたのしいです。	My work is fun.
服	ふく	clothes	2	あたらしい服をかいました。	あたらしいふくをかいました。	I bought new clothes.
洋服	ようふく	clothes (Western-style)	0	洋服のみせはどこですか。	ようふくのみせはどこですか。	Where is the clothing store?
シャツ	シャツ	shirt	1	しろいシャツをきます。	しろいシャツをきます。	I wear a white shirt.
ワイシャツ	ワイシャツ	dress shirt	0	ワイシャツにネクタイをします。	ワイシャツにネクタイをします。	I wear a tie with my dress shirt.
セーター	セーター	sweater	1	さむいのでセーターをきます。	さむいのでセーターをきます。	It's cold, so I'll wear a sweater.
上着	うわぎ	jacket / outerwear	0	上着をぬいでください。	うわぎをぬいでください。	Please take off your jacket.
コート	コート	coat	1	ふゆはコートがいります。	ふゆはコートがいります。	You need a coat in winter.
ズボン	ズボン	trousers / pants	2	このズボンはながいです。	このズボンはながいです。	These trousers are long.
スカート	スカート	skirt	2	あかいスカートをはきました。	あかいスカートをはきました。	I wore a red skirt.
靴	くつ	shoes	2	げんかんで靴をぬぎます。	げんかんでくつをぬぎます。	I take off my shoes at the entrance.
靴下	くつした	socks	2	靴下をはいてください。	くつしたをはいてください。	Please put on your socks.
帽子	ぼうし	hat / cap	0	帽子をかぶっています。	ぼうしをかぶっています。	I'm wearing a hat.
ネクタイ	ネクタイ	necktie	1	あおいネクタイがすきです。	あおいネクタイがすきです。	I like blue ties.
ポケット	ポケット	pocket	2	かぎはポケットにあります。	かぎはポケットにあります。	The key is in my pocket.
ボタン	ボタン	button	0	このボタンをおしてください。	このボタンをおしてください。	Please press this button.
体	からだ	body	0	しゅぎょうで体がいたいです。	しゅぎょうでからだがいたいです。	My body aches from training.
頭	あたま	head	3	けさから頭がいたいです。	けさからあたまがいたいです。	I've had a headache since this morning.
顔	かお	face	0	あさ、顔をあらいます。	あさ、かおをあらいます。	I wash my face in the morning.
目	め	eye	1	かのじょは目がきれいです。	かのじょはめがきれいです。	She has beautiful eyes.
耳	みみ	ear	2	うさぎは耳がながいです。	うさぎはみみがながいです。	Rabbits have long ears.
鼻	はな	nose	0	ぞうは鼻がながいです。	ぞうははながながいです。	Elephants have long noses.
口	くち	mouth	0	口をあけてください。	くちをあけてください。	Please open your mouth.
歯	は	tooth	1	ねるまえに歯をみがきます。	ねるまえにはをみがきます。	I brush my teeth before bed.
手	て	hand	1	ごはんのまえに手をあらいます。	ごはんのまえにてをあらいます。	I wash my hands before meals.
足	あし	foot / leg	2	たくさんあるいて足がいたいです。	たくさんあるいてあしがいたいです。	I walked a lot and my feet hurt.
背	せ	height / back	1	あには背がたかいです。	あにはせがたかいです。	My older brother is tall.
声	こえ	voice	1	せんせいの声はおおきいです。	せんせいのこえはおおきいです。	The teacher has a loud voice.
病気	びょうき	illness / sick	0	ははは病気でねています。	はははびょうきでねています。	My mother is sick in bed.
薬	くすり	medicine	0	ごはんのあとで薬をのみます。	ごはんのあとでくすりをのみます。	I take medicine after meals.
風邪	かぜ	a cold (illness)	0	風邪をひきました。	かぜをひきました。	I caught a cold.
車	くるま	car	0	ちちの車はあかいです。	ちちのくるまはあかいです。	My father's car is red.
自動車	じどうしゃ	automobile	2	自動車のこうじょうではたらきます。	じどうしゃのこうじょうではたらきます。	I work at a car factory.
自転車	じてんしゃ	bicycle	2	自転車でがっこうへいきます。	じてんしゃでがっこうへいきます。	I go to school by bicycle.
電車	でんしゃ	train	0	電車はこんでいました。	でんしゃはこんでいました。	The train was crowded.
地下鉄	ちかてつ	subway	0	地下鉄にのりましょう。	ちかてつにのりましょう。	Let's take the subway.
バス	バス	bus	1	バスはなんじにきますか。	バスはなんじにきますか。	What time does the bus come?
タクシー	タクシー	taxi	1	えきからタクシーでいきます。	えきからタクシーでいきます。	I'll go by taxi from the station.
飛行機	ひこうき	airplane	2	飛行機でおきなわへいきます。	ひこうきでおきなわへいきます。	I'm going to Okinawa by plane.
船	ふね	ship / boat	1	船でしまへいきました。	ふねでしまへいきました。	I went to the island by boat.
切符	きっぷ	ticket	0	えきで切符をかいます。	えきできっぷをかいます。	I buy a ticket at the station.
旅行	りょこう	trip / travel	0	なつやすみに旅行します。	なつやすみにりょこうします。	I'll travel during summer vacation.
天気	てんき	weather	1	きょうはいい天気ですね。	きょうはいいてんきですね。	Nice weather today, isn't it?
雨	あめ	rain	1	あさから雨がふっています。	あさからあめがふっています。	It's been raining since morning.
雪	ゆき	snow	2	やまに雪がふりました。	やまにゆきがふりました。	Snow fell on the mountain.
風	かぜ	wind	0	きょうは風がつよいです。	きょうはかぜがつよいです。	The wind is strong today.
花	はな	flower	2	にわに花がさきました。	にわにはながさきました。	Flowers bloomed in the garden.
木	き	tree	1	こうえんにおおきい木があります。	こうえんにおおきいきがあります。	There is a big tree in the park.
動物	どうぶつ	animal	0	この動物はなんですか。	このどうぶつはなんですか。	What is this animal?
犬	いぬ	dog	2	まいあさ犬とさんぽします。	まいあさいぬとさんぽします。	I walk with my dog every morning.
猫	ねこ	cat	1	いえに猫がにひきいます。	いえにねこがにひきいます。	I have two cats at home.
鳥	とり	bird	0	そらに鳥がとんでいます。	そらにとりがとんでいます。	A bird is flying in the sky.
馬	うま	horse	2	ぼくじょうで馬にのりました。	ぼくじょうでうまにのりました。	I rode a horse at the ranch.
牛	うし	cow	0	牛がくさをたべています。	うしがくさをたべています。	The cows are eating grass.
とても	とても	very	0	このケーキはとてもおいしいです。	このケーキはとてもおいしいです。	This cake is very delicious.
少し	すこし	a little	2	にほんごが少しわかります。	にほんごがすこしわかります。	I understand a little Japanese.
ちょっと	ちょっと	a little / a moment	1	ちょっとまってください。	ちょっとまってください。	Please wait a moment.
たくさん	たくさん	a lot / many	0	まつりにひとがたくさんいました。	まつりにひとがたくさんいました。	There were lots of people at the festival.
全部	ぜんぶ	all / everything	1	しゅくだいは全部おわりました。	しゅくだいはぜんぶおわりました。	I finished all my homework.
皆	みんな	everyone	3	皆でしゃしんをとりましょう。	みんなでしゃしんをとりましょう。	Let's all take a photo together.	みんな	みんなでしゃしんをとりましょう。
もう	もう	already	1	もうひるごはんをたべました。	もうひるごはんをたべました。	I've already eaten lunch.
まだ	まだ	still / not yet	1	まだしゅくだいをしていません。	まだしゅくだいをしていません。	I haven't done my homework yet.
また	また	again	0	またあしたあいましょう。	またあしたあいましょう。	Let's meet again tomorrow.
すぐ	すぐ	immediately / soon	1	すぐかえってきます。	すぐかえってきます。	I'll be right back.
いつも	いつも	always	1	いつもしちじにおきます。	いつもしちじにおきます。	I always get up at seven.
時々	ときどき	sometimes	0	時々こうえんではしります。	ときどきこうえんではしります。	I sometimes run in the park.
よく	よく	often / well	1	よくこのみせにきます。	よくこのみせにきます。	I often come to this shop.
あまり	あまり	not very (with negative)	0	にくはあまりたべません。	にくはあまりたべません。	I don't eat much meat.
全然	ぜんぜん	not at all (with negative)	0	えいごが全然わかりません。	えいごがぜんぜんわかりません。	I don't understand English at all.
一番	いちばん	most / number one	0	クラスで一番はやいです。	クラスでいちばんはやいです。	I'm the fastest in the class.
もっと	もっと	more	1	もっとれんしゅうしたいです。	もっとれんしゅうしたいです。	I want to practice more.
ゆっくり	ゆっくり	slowly	3	ゆっくりはなしてください。	ゆっくりはなしてください。	Please speak slowly.
一緒に	いっしょに	together	0	一緒にひるごはんをたべませんか。	いっしょにひるごはんをたべませんか。	Would you like to have lunch together?
一人で	ひとりで	alone / by oneself	2	一人でえいがをみました。	ひとりでえいがをみました。	I watched a movie by myself.
本当に	ほんとうに	really / truly	0	本当にありがとうございました。	ほんとうにありがとうございました。	Thank you so much, really.
初めて	はじめて	for the first time	2	初めてすしをたべました。	はじめてすしをたべました。	I ate sushi for the first time.
多分	たぶん	probably / maybe	1	あしたは多分あめです。	あしたはたぶんあめです。	It will probably rain tomorrow.
大体	だいたい	mostly / roughly	0	はなしは大体わかりました。	はなしはだいたいわかりました。	I mostly understood the talk.
だんだん	だんだん	gradually	0	だんだんさむくなりました。	だんだんさむくなりました。	It has gradually gotten colder.
ちょうど	ちょうど	exactly / just	0	いまちょうどじゅうじです。	いまちょうどじゅうじです。	It's exactly ten o'clock now.
まっすぐ	まっすぐ	straight	3	このみちをまっすぐいってください。	このみちをまっすぐいってください。	Please go straight along this road.
どうぞ	どうぞ	please / here you are	1	どうぞ、おはいりください。	どうぞ、おはいりください。	Please come in.
どうも	どうも	thanks / very much	1	どうもありがとう。	どうもありがとう。	Thanks a lot.
そう	そう	so / that way	1	はい、そうです。	はい、そうです。	Yes, that's right.
こう	こう	like this / this way	0	はしは、こうもちます。	はしは、こうもちます。	You hold chopsticks like this.
ああ	ああ	ah / oh	1	ああ、そうですか。	ああ、そうですか。	Oh, is that so?
でも	でも	but / however	1	でも、きょうはいそがしいです。	でも、きょうはいそがしいです。	But I'm busy today.
そして	そして	and / and then	0	みずをのみました。そしてねました。	みずをのみました。そしてねました。	I drank some water. And then I went to bed.
それから	それから	after that / and then	0	それからどこへいきましたか。	それからどこへいきましたか。	And where did you go after that?
じゃあ	じゃあ	well then	1	じゃあ、またあした。	じゃあ、またあした。	Well then, see you tomorrow.
すみません	すみません	excuse me / I'm sorry	4	すみません、えきはどこですか。	すみません、えきはどこですか。	Excuse me, where is the station?
ごめんなさい	ごめんなさい	I'm sorry	4	おそくなってごめんなさい。	おそくなってごめんなさい。	I'm sorry I'm late.
お願いします	おねがいします	please (requesting)	6	コーヒーをお願いします。	コーヒーをおねがいします。	A coffee, please.
ありがとうございます	ありがとうございます	thank you (polite)	2	プレゼント、ありがとうございます。	プレゼント、ありがとうございます。	Thank you for the present.
いただきます	いただきます	let's eat (before meals)	5	では、いただきます。	では、いただきます。	Well then, let's eat.
ごちそうさまでした	ごちそうさまでした	thanks for the meal (after)	7	おばさん、ごちそうさまでした。	おばさん、ごちそうさまでした。	Thank you for the meal, auntie.
いらっしゃいませ	いらっしゃいませ	welcome (to a shop)	6	いらっしゃいませ、どうぞ。	いらっしゃいませ、どうぞ。	Welcome, please come in.
おはようございます	おはようございます	good morning	8	せんせい、おはようございます。	せんせい、おはようございます。	Good morning, teacher.
こんにちは	こんにちは	hello / good afternoon	0	みなさん、こんにちは。	みなさん、こんにちは。	Hello, everyone.
こんばんは	こんばんは	good evening	0	こんばんは、さむいですね。	こんばんは、さむいですね。	Good evening, it's cold, isn't it?
さようなら	さようなら	goodbye	4	ししょう、さようなら。	ししょう、さようなら。	Goodbye, master.
おやすみなさい	おやすみなさい	good night	5	もうねます。おやすみなさい。	もうねます。おやすみなさい。	I'm going to bed now. Good night.
はじめまして	はじめまして	how do you do	4	はじめまして、たなかです。	はじめまして、たなかです。	How do you do? I'm Tanaka.
どうぞよろしく	どうぞよろしく	pleased to meet you	1	やまだです。どうぞよろしく。	やまだです。どうぞよろしく。	I'm Yamada. Pleased to meet you.
行ってきます	いってきます	I'm off (leaving home)	5	じゃあ、行ってきます。	じゃあ、いってきます。	Well then, I'm off.
行ってらっしゃい	いってらっしゃい	see you (to someone leaving)	6	きをつけて、行ってらっしゃい。	きをつけて、いってらっしゃい。	Take care, see you later.
ただいま	ただいま	I'm home	2	ただいま、おかあさん。	ただいま、おかあさん。	I'm home, Mom.
お帰りなさい	おかえりなさい	welcome home	5	お帰りなさい、つかれたでしょう。	おかえりなさい、つかれたでしょう。	Welcome home, you must be tired.
もしもし	もしもし	hello (on the phone)	1	もしもし、たなかさんですか。	もしもし、たなかさんですか。	Hello, is this Mr. Tanaka?
結構	けっこう	fine / no thank you	1	おちゃはもう結構です。	おちゃはもうけっこうです。	No more tea for me, thank you.
ゼロ	ゼロ	zero	1	テストはゼロてんでした。	テストはゼロてんでした。	I got zero points on the test.
半	はん	half / half past	1	いま三時半です。	いまさんじはんです。	It's half past three now.
ページ	ページ	page	0	つぎのページをみてください。	つぎのページをみてください。	Please look at the next page.
メートル	メートル	meter	0	えきまでごひゃくメートルです。	えきまでごひゃくメートルです。	It's five hundred meters to the station.
キロ	キロ	kilo (gram / meter)	1	まいにちごキロはしります。	まいにちごキロはしります。	I run five kilometers every day.
グラム	グラム	gram	1	にくをごひゃくグラムください。	にくをごひゃくグラムください。	Five hundred grams of meat, please.
円	えん	yen	1	このほんは千円です。	このほんはせんえんです。	This book is a thousand yen.
方	ほう	direction / side (comparison)	1	こっちの方がやすいです。	こっちのほうがやすいです。	This one is cheaper.
外国人	がいこくじん	foreigner	4	このまちは外国人がおおいです。	このまちはがいこくじんがおおいです。	This town has many foreigners.
留学生	りゅうがくせい	international student	3	かれはアメリカの留学生です。	かれはアメリカのりゅうがくせいです。	He is an exchange student from America.
医者	いしゃ	doctor	0	あねは医者になりたいです。	あねはいしゃになりたいです。	My older sister wants to be a doctor.
警官	けいかん	police officer	0	警官にみちをききました。	けいかんにみちをききました。	I asked a police officer for directions.
お巡りさん	おまわりさん	police officer (friendly term)	2	こうばんにお巡りさんがいます。	こうばんにおまわりさんがいます。	There's a police officer at the police box.
生徒	せいと	pupil / student	1	生徒たちはきょうしつにいます。	せいとたちはきょうしつにいます。	The students are in the classroom.
お客さん	おきゃくさん	customer / guest	0	きょうはお客さんがおおいです。	きょうはおきゃくさんがおおいです。	There are many customers today.
子	こ	child / kid	0	あの子はとてもげんきです。	あのこはとてもげんきです。	That kid is very lively.
事	こと	thing / matter (abstract)	2	すきな事はりょうりです。	すきなことはりょうりです。	What I like is cooking.
時	とき	time / when	2	こどもの時、よくあそびました。	こどものとき、よくあそびました。	I played a lot when I was a child.
次	つぎ	next	2	次のえきでおります。	つぎのえきでおります。	I'll get off at the next station.
最初	さいしょ	first / beginning	0	最初はむずかしかったです。	さいしょはむずかしかったです。	It was difficult at first.
最後	さいご	last / end	1	最後までがんばります。	さいごまでがんばります。	I'll keep going until the end.
先	さき	ahead / first (before others)	0	先にたべてください。	さきにたべてください。	Please go ahead and eat first.
他	ほか	other / else	0	他にしつもんはありますか。	ほかにしつもんはありますか。	Are there any other questions?		ほかにしつもんはありますか。
番	ばん	turn / number (in order)	1	つぎはわたしの番です。	つぎはわたしのばんです。	It's my turn next.
お祭り	おまつり	festival	0	なつにお祭りがあります。	なつにおまつりがあります。	There is a festival in summer.
お土産	おみやげ	souvenir	0	きょうとでお土産をかいました。	きょうとでおみやげをかいました。	I bought souvenirs in Kyoto.
プレゼント	プレゼント	present / gift	2	ははにプレゼントをあげました。	ははにプレゼントをあげました。	I gave my mother a present.
スポーツ	スポーツ	sports	2	まいにちスポーツをします。	まいにちスポーツをします。	I play sports every day.
プール	プール	swimming pool	1	なつはプールでおよぎます。	なつはプールでおよぎます。	In summer I swim in the pool.
クラス	クラス	class	1	わたしのクラスはにじゅうにんです。	わたしのクラスはにじゅうにんです。	My class has twenty people.
エレベーター	エレベーター	elevator	3	エレベーターでごかいへいきます。	エレベーターでごかいへいきます。	I take the elevator to the fifth floor.
ゲーム	ゲーム	game	1	よるはともだちとゲームをします。	よるはともだちとゲームをします。	At night I play games with friends.
ボール	ボール	ball	0	こうえんでボールをなげました。	こうえんでボールをなげました。	I threw a ball in the park.
シャワー	シャワー	shower	1	あさシャワーをあびます。	あさシャワーをあびます。	I take a shower in the morning.
いかが	いかが	how (polite)	2	おちゃはいかがですか。	おちゃはいかがですか。	How about some tea?
どちら	どちら	which / where (polite)	1	おくにはどちらですか。	おくにはどちらですか。	Where are you from?
こちら	こちら	this way / this person	0	こちらはやまださんです。	こちらはやまださんです。	This is Mr. Yamada.
そちら	そちら	that way / your side	0	そちらはさむいですか。	そちらはさむいですか。	Is it cold where you are?
あちら	あちら	over there (polite)	0	トイレはあちらです。	トイレはあちらです。	The restroom is over there.
どなた	どなた	who (polite)	1	あのかたはどなたですか。	あのかたはどなたですか。	Who is that person?
大勢	おおぜい	many people / crowd	3	こうえんにひとが大勢いました。	こうえんにひとがおおぜいいました。	There were many people in the park.
上がる	あがる	to rise / to go up	0	ねつが上がりました。	ねつがあがりました。	My fever went up.
下がる	さがる	to go down / to drop	2	きおんが下がりました。	きおんがさがりました。	The temperature dropped.
晴れ	はれ	sunny weather	2	あしたは晴れです。	あしたははれです。	It will be sunny tomorrow.
曇り	くもり	cloudy weather	3	きょうはいちにち曇りでした。	きょうはいちにちくもりでした。	It was cloudy all day today.
火	ひ	fire	1	火にきをつけてください。	ひにきをつけてください。	Please be careful with fire.
月	つき	moon	2	こんやは月がきれいです。	こんやはつきがきれいです。	The moon is beautiful tonight.
日	ひ	sun / day	0	日がながくなりました。	ひがながくなりました。	The days have gotten longer.
音	おと	sound	2	へんな音がしました。	へんなおとがしました。	I heard a strange sound.
